PRAGMA foreign_keys=OFF;
BEGIN TRANSACTION;
CREATE TABLE IF NOT EXISTS "django_migrations" ("id" integer NOT NULL PRIMARY KEY AUTOINCREMENT, "app" varchar(255) NOT NULL, "name" varchar(255) NOT NULL, "applied" datetime NOT NULL);
INSERT INTO django_migrations VALUES(1,'contenttypes','0001_initial','2021-01-15 17:08:19.050668');
INSERT INTO django_migrations VALUES(2,'auth','0001_initial','2021-01-15 17:08:19.066138');
INSERT INTO django_migrations VALUES(3,'account','0001_initial','2021-01-15 17:08:19.076089');
INSERT INTO django_migrations VALUES(4,'admin','0001_initial','2021-01-15 17:08:19.086231');
INSERT INTO django_migrations VALUES(5,'admin','0002_logentry_remove_auto_add','2021-01-15 17:08:19.100762');
INSERT INTO django_migrations VALUES(6,'admin','0003_logentry_add_action_flag_choices','2021-01-15 17:08:19.113188');
INSERT INTO django_migrations VALUES(7,'contenttypes','0002_remove_content_type_name','2021-01-15 17:08:19.137564');
INSERT INTO django_migrations VALUES(8,'auth','0002_alter_permission_name_max_length','2021-01-15 17:08:19.148245');
INSERT INTO django_migrations VALUES(9,'auth','0003_alter_user_email_max_length','2021-01-15 17:08:19.159634');
INSERT INTO django_migrations VALUES(10,'auth','0004_alter_user_username_opts','2021-01-15 17:08:19.171216');
INSERT INTO django_migrations VALUES(11,'auth','0005_alter_user_last_login_null','2021-01-15 17:08:19.183456');
INSERT INTO django_migrations VALUES(12,'auth','0006_require_contenttypes_0002','2021-01-15 17:08:19.186222');
INSERT INTO django_migrations VALUES(13,'auth','0007_alter_validators_add_error_messages','2021-01-15 17:08:19.198534');
INSERT INTO django_migrations VALUES(14,'auth','0008_alter_user_username_max_length','2021-01-15 17:08:19.210675');
INSERT INTO django_migrations VALUES(15,'auth','0009_alter_user_last_name_max_length','2021-01-15 17:08:19.221704');
INSERT INTO django_migrations VALUES(16,'auth','0010_alter_group_name_max_length','2021-01-15 17:08:19.232713');
INSERT INTO django_migrations VALUES(17,'auth','0011_update_proxy_permissions','2021-01-15 17:08:19.241101');
INSERT INTO django_migrations VALUES(18,'auth','0012_alter_user_first_name_max_length','2021-01-15 17:08:19.251813');
INSERT INTO django_migrations VALUES(19,'django_summernote','0001_initial','2021-01-15 17:08:19.255785');
INSERT INTO django_migrations VALUES(20,'django_summernote','0002_update-help_text','2021-01-15 17:08:19.262661');
INSERT INTO django_migrations VALUES(21,'landing','0001_initial','2021-01-15 17:08:19.267325');
INSERT INTO django_migrations VALUES(22,'sessions','0001_initial','2021-01-15 17:08:19.271311');
INSERT INTO django_migrations VALUES(23,'landing','0002_block_block_id','2021-01-15 19:32:23.951211');
INSERT INTO django_migrations VALUES(24,'landing','0003_auto_20210115_2203','2021-01-15 22:03:49.246633');
CREATE TABLE IF NOT EXISTS "auth_group_permissions" ("id" integer NOT NULL PRIMARY KEY AUTOINCREMENT, "group_id" integer NOT NULL REFERENCES "auth_group" ("id") DEFERRABLE INITIALLY DEFERRED, "permission_id" integer NOT NULL REFERENCES "auth_permission" ("id") DEFERRABLE INITIALLY DEFERRED);
CREATE TABLE IF NOT EXISTS "auth_user_groups" ("id" integer NOT NULL PRIMARY KEY AUTOINCREMENT, "user_id" integer NOT NULL REFERENCES "auth_user" ("id") DEFERRABLE INITIALLY DEFERRED, "group_id" integer NOT NULL REFERENCES "auth_group" ("id") DEFERRABLE INITIALLY DEFERRED);
CREATE TABLE IF NOT EXISTS "auth_user_user_permissions" ("id" integer NOT NULL PRIMARY KEY AUTOINCREMENT, "user_id" integer NOT NULL REFERENCES "auth_user" ("id") DEFERRABLE INITIALLY DEFERRED, "permission_id" integer NOT NULL REFERENCES "auth_permission" ("id") DEFERRABLE INITIALLY DEFERRED);
CREATE TABLE IF NOT EXISTS "account_profile" ("id" integer NOT NULL PRIMARY KEY AUTOINCREMENT, "ip_nalog" integer unsigned NULL CHECK ("ip_nalog" >= 0), "user_id" integer NOT NULL UNIQUE REFERENCES "auth_user" ("id") DEFERRABLE INITIALLY DEFERRED);
INSERT INTO account_profile VALUES(1,8,2);
INSERT INTO account_profile VALUES(2,NULL,3);
INSERT INTO account_profile VALUES(3,5,4);
INSERT INTO account_profile VALUES(4,NULL,5);
CREATE TABLE IF NOT EXISTS "django_admin_log" ("id" integer NOT NULL PRIMARY KEY AUTOINCREMENT, "action_time" datetime NOT NULL, "object_id" text NULL, "object_repr" varchar(200) NOT NULL, "change_message" text NOT NULL, "content_type_id" integer NULL REFERENCES "django_content_type" ("id") DEFERRABLE INITIALLY DEFERRED, "user_id" integer NOT NULL REFERENCES "auth_user" ("id") DEFERRABLE INITIALLY DEFERRED, "action_flag" smallint unsigned NOT NULL CHECK ("action_flag" >= 0));
INSERT INTO django_admin_log VALUES(1,'2021-01-15 18:36:48.567288','1','Block object (1)','[{"added": {}}]',2,1,1);
INSERT INTO django_admin_log VALUES(2,'2021-01-15 18:39:15.696525','2','Block object (2)','[{"added": {}}]',2,1,1);
INSERT INTO django_admin_log VALUES(3,'2021-01-15 18:39:26.293273','3','Block object (3)','[{"added": {}}]',2,1,1);
INSERT INTO django_admin_log VALUES(4,'2021-01-15 18:49:36.451837','1','Block object (1)','[{"changed": {"fields": ["Title", "Content", "Image"]}}]',2,1,2);
INSERT INTO django_admin_log VALUES(5,'2021-01-15 19:00:52.398914','1','Block object (1)','[{"changed": {"fields": ["Content"]}}]',2,1,2);
INSERT INTO django_admin_log VALUES(6,'2021-01-15 19:04:03.551593','1','Block object (1)','[]',2,1,2);
INSERT INTO django_admin_log VALUES(7,'2021-01-15 19:06:04.334346','1','Block object (1)','[{"changed": {"fields": ["Content"]}}]',2,1,2);
INSERT INTO django_admin_log VALUES(8,'2021-01-15 19:33:15.232290','1','Block object (1)','[{"changed": {"fields": ["Block id"]}}]',2,1,2);
INSERT INTO django_admin_log VALUES(9,'2021-01-15 20:02:32.204611','2','Block object (2)','[{"changed": {"fields": ["Block id", "Title", "Image"]}}]',2,1,2);
INSERT INTO django_admin_log VALUES(10,'2021-01-15 20:03:08.481249','2','Block object (2)','[{"changed": {"fields": ["Content"]}}]',2,1,2);
INSERT INTO django_admin_log VALUES(11,'2021-01-15 20:07:00.987836','3','Block object (3)','[{"changed": {"fields": ["Block id", "Title", "Content"]}}]',2,1,2);
INSERT INTO django_admin_log VALUES(12,'2021-01-15 20:10:47.348005','4','Block object (4)','[{"added": {}}]',2,1,1);
INSERT INTO django_admin_log VALUES(13,'2021-01-15 20:11:03.987863','2','Block object (2)','[{"changed": {"fields": ["Sorting"]}}]',2,1,2);
INSERT INTO django_admin_log VALUES(14,'2021-01-15 20:11:15.219669','3','Block object (3)','[{"changed": {"fields": ["Sorting"]}}]',2,1,2);
INSERT INTO django_admin_log VALUES(15,'2021-01-15 21:42:18.523777','1','Block object (1)','[{"changed": {"fields": ["Block title", "Menu status"]}}]',2,1,2);
INSERT INTO django_admin_log VALUES(16,'2021-01-15 21:43:38.540405','2','Block object (2)','[{"changed": {"fields": ["Sorting", "Block title"]}}]',2,1,2);
INSERT INTO django_admin_log VALUES(17,'2021-01-15 21:43:51.822127','4','Block object (4)','[{"changed": {"fields": ["Sorting"]}}]',2,1,2);
INSERT INTO django_admin_log VALUES(18,'2021-01-15 21:46:20.488637','2','Block object (2)','[]',2,1,2);
INSERT INTO django_admin_log VALUES(19,'2021-01-15 21:52:53.395104','3','Block object (3)','[{"changed": {"fields": ["Sorting", "Block title"]}}]',2,1,2);
INSERT INTO django_admin_log VALUES(20,'2021-01-15 21:54:00.021036','3','Block object (3)','[{"changed": {"fields": ["Sorting"]}}]',2,1,2);
INSERT INTO django_admin_log VALUES(21,'2021-01-15 21:54:11.556450','4','Block object (4)','[{"changed": {"fields": ["Menu status"]}}]',2,1,2);
INSERT INTO django_admin_log VALUES(22,'2021-01-15 21:55:28.111211','4','Block object (4)','[{"changed": {"fields": ["Block title"]}}]',2,1,2);
INSERT INTO django_admin_log VALUES(23,'2021-01-15 22:10:49.506861','5','Block object (5)','[{"added": {}}]',2,1,1);
INSERT INTO django_admin_log VALUES(24,'2021-01-15 22:12:24.431393','5','Block object (5)','[{"changed": {"fields": ["Block id", "Block title", "Title", "Content", "Image"]}}]',2,1,2);
INSERT INTO django_admin_log VALUES(25,'2021-01-15 22:12:36.112857','5','Block object (5)','[{"changed": {"fields": ["Image"]}}]',2,1,2);
INSERT INTO django_admin_log VALUES(26,'2021-01-15 22:13:28.508089','5','Block object (5)','[{"changed": {"fields": ["Sorting"]}}]',2,1,2);
INSERT INTO django_admin_log VALUES(27,'2021-01-15 22:13:36.840336','5','Block object (5)','[{"changed": {"fields": ["Sorting"]}}]',2,1,2);
INSERT INTO django_admin_log VALUES(28,'2021-01-15 22:19:45.851366','6','Block object (6)','[{"added": {}}]',2,1,1);
INSERT INTO django_admin_log VALUES(29,'2021-01-15 22:21:25.020225','6','Block object (6)','[{"changed": {"fields": ["Content"]}}]',2,1,2);
INSERT INTO django_admin_log VALUES(30,'2021-01-15 22:22:36.407832','6','Block object (6)','[{"changed": {"fields": ["Content"]}}]',2,1,2);
INSERT INTO django_admin_log VALUES(31,'2021-01-15 22:26:44.057040','6','Block object (6)','[{"changed": {"fields": ["Content"]}}]',2,1,2);
INSERT INTO django_admin_log VALUES(32,'2021-01-15 22:28:22.961134','6','Block object (6)','[{"changed": {"fields": ["Content"]}}]',2,1,2);
INSERT INTO django_admin_log VALUES(33,'2021-01-15 22:34:12.027029','6','Block object (6)','[{"changed": {"fields": ["Title", "Content"]}}]',2,1,2);
INSERT INTO django_admin_log VALUES(34,'2021-01-15 22:35:35.381014','6','Block object (6)','[{"changed": {"fields": ["Content"]}}]',2,1,2);
INSERT INTO django_admin_log VALUES(35,'2021-01-15 22:36:23.984689','6','Block object (6)','[{"changed": {"fields": ["Title"]}}]',2,1,2);
INSERT INTO django_admin_log VALUES(36,'2021-01-15 22:37:14.442909','6','Block object (6)','[{"changed": {"fields": ["Content"]}}]',2,1,2);
INSERT INTO django_admin_log VALUES(37,'2021-01-15 22:38:14.192022','6','Block object (6)','[{"changed": {"fields": ["Content"]}}]',2,1,2);
INSERT INTO django_admin_log VALUES(38,'2021-01-15 22:38:31.980026','6','Block object (6)','[{"changed": {"fields": ["Image"]}}]',2,1,2);
INSERT INTO django_admin_log VALUES(39,'2021-01-15 22:39:54.238709','6','Block object (6)','[{"changed": {"fields": ["Content"]}}]',2,1,2);
INSERT INTO django_admin_log VALUES(40,'2021-01-15 22:42:04.525343','6','Block object (6)','[{"changed": {"fields": ["Status", "Menu status"]}}]',2,1,2);
INSERT INTO django_admin_log VALUES(41,'2021-01-15 22:43:15.160718','6','Block object (6)','[{"changed": {"fields": ["Block title"]}}]',2,1,2);
INSERT INTO django_admin_log VALUES(42,'2021-01-16 01:21:02.699132','2','test1','[{"changed": {"fields": ["First name"]}}]',6,1,2);
INSERT INTO django_admin_log VALUES(43,'2021-01-16 01:59:43.633652','3','test2','[{"changed": {"fields": ["Active"]}}]',6,1,2);
INSERT INTO django_admin_log VALUES(44,'2021-01-16 09:00:40.686436','6','Block object (6)','[{"changed": {"fields": ["Status"]}}]',2,1,2);
INSERT INTO django_admin_log VALUES(45,'2021-01-16 09:02:54.538975','6','Block object (6)','[{"changed": {"fields": ["Content"]}}]',2,1,2);
INSERT INTO django_admin_log VALUES(46,'2021-01-16 09:06:00.303362','6','Block object (6)','[{"changed": {"fields": ["Content"]}}]',2,1,2);
CREATE TABLE IF NOT EXISTS "django_content_type" ("id" integer NOT NULL PRIMARY KEY AUTOINCREMENT, "app_label" varchar(100) NOT NULL, "model" varchar(100) NOT NULL);
INSERT INTO django_content_type VALUES(1,'account','profile');
INSERT INTO django_content_type VALUES(2,'landing','block');
INSERT INTO django_content_type VALUES(3,'admin','logentry');
INSERT INTO django_content_type VALUES(4,'auth','permission');
INSERT INTO django_content_type VALUES(5,'auth','group');
INSERT INTO django_content_type VALUES(6,'auth','user');
INSERT INTO django_content_type VALUES(7,'contenttypes','contenttype');
INSERT INTO django_content_type VALUES(8,'sessions','session');
INSERT INTO django_content_type VALUES(9,'django_summernote','attachment');
CREATE TABLE IF NOT EXISTS "auth_permission" ("id" integer NOT NULL PRIMARY KEY AUTOINCREMENT, "content_type_id" integer NOT NULL REFERENCES "django_content_type" ("id") DEFERRABLE INITIALLY DEFERRED, "codename" varchar(100) NOT NULL, "name" varchar(255) NOT NULL);
INSERT INTO auth_permission VALUES(1,1,'add_profile','Can add profile');
INSERT INTO auth_permission VALUES(2,1,'change_profile','Can change profile');
INSERT INTO auth_permission VALUES(3,1,'delete_profile','Can delete profile');
INSERT INTO auth_permission VALUES(4,1,'view_profile','Can view profile');
INSERT INTO auth_permission VALUES(5,2,'add_block','Can add block');
INSERT INTO auth_permission VALUES(6,2,'change_block','Can change block');
INSERT INTO auth_permission VALUES(7,2,'delete_block','Can delete block');
INSERT INTO auth_permission VALUES(8,2,'view_block','Can view block');
INSERT INTO auth_permission VALUES(9,3,'add_logentry','Can add log entry');
INSERT INTO auth_permission VALUES(10,3,'change_logentry','Can change log entry');
INSERT INTO auth_permission VALUES(11,3,'delete_logentry','Can delete log entry');
INSERT INTO auth_permission VALUES(12,3,'view_logentry','Can view log entry');
INSERT INTO auth_permission VALUES(13,4,'add_permission','Can add permission');
INSERT INTO auth_permission VALUES(14,4,'change_permission','Can change permission');
INSERT INTO auth_permission VALUES(15,4,'delete_permission','Can delete permission');
INSERT INTO auth_permission VALUES(16,4,'view_permission','Can view permission');
INSERT INTO auth_permission VALUES(17,5,'add_group','Can add group');
INSERT INTO auth_permission VALUES(18,5,'change_group','Can change group');
INSERT INTO auth_permission VALUES(19,5,'delete_group','Can delete group');
INSERT INTO auth_permission VALUES(20,5,'view_group','Can view group');
INSERT INTO auth_permission VALUES(21,6,'add_user','Can add user');
INSERT INTO auth_permission VALUES(22,6,'change_user','Can change user');
INSERT INTO auth_permission VALUES(23,6,'delete_user','Can delete user');
INSERT INTO auth_permission VALUES(24,6,'view_user','Can view user');
INSERT INTO auth_permission VALUES(25,7,'add_contenttype','Can add content type');
INSERT INTO auth_permission VALUES(26,7,'change_contenttype','Can change content type');
INSERT INTO auth_permission VALUES(27,7,'delete_contenttype','Can delete content type');
INSERT INTO auth_permission VALUES(28,7,'view_contenttype','Can view content type');
INSERT INTO auth_permission VALUES(29,8,'add_session','Can add session');
INSERT INTO auth_permission VALUES(30,8,'change_session','Can change session');
INSERT INTO auth_permission VALUES(31,8,'delete_session','Can delete session');
INSERT INTO auth_permission VALUES(32,8,'view_session','Can view session');
INSERT INTO auth_permission VALUES(33,9,'add_attachment','Can add attachment');
INSERT INTO auth_permission VALUES(34,9,'change_attachment','Can change attachment');
INSERT INTO auth_permission VALUES(35,9,'delete_attachment','Can delete attachment');
INSERT INTO auth_permission VALUES(36,9,'view_attachment','Can view attachment');
CREATE TABLE IF NOT EXISTS "auth_group" ("id" integer NOT NULL PRIMARY KEY AUTOINCREMENT, "name" varchar(150) NOT NULL UNIQUE);
CREATE TABLE IF NOT EXISTS "auth_user" ("id" integer NOT NULL PRIMARY KEY AUTOINCREMENT, "password" varchar(128) NOT NULL, "last_login" datetime NULL, "is_superuser" bool NOT NULL, "username" varchar(150) NOT NULL UNIQUE, "last_name" varchar(150) NOT NULL, "email" varchar(254) NOT NULL, "is_staff" bool NOT NULL, "is_active" bool NOT NULL, "date_joined" datetime NOT NULL, "first_name" varchar(150) NOT NULL);
INSERT INTO auth_user VALUES(1,'pbkdf2_sha256$216000$mycw5KIZtciP$i6wBOjshwAlBamIK2I8BR687Z+NLTIOOhvcQlosSBJM=','2021-01-16 09:00:11.733216',1,'admin','','admin@admin.com',1,1,'2021-01-15 17:10:16.314486','');
INSERT INTO auth_user VALUES(2,'pbkdf2_sha256$216000$liuPIRTT1HwM$ZDGlVIQLftayOLEkmtL8cjYon2zLIlhgjZjUJ/FiU3Q=','2021-01-16 01:56:38.690309',0,'test1','','test1@example.com',0,1,'2021-01-16 00:54:55','name1');
INSERT INTO auth_user VALUES(3,'pbkdf2_sha256$216000$88F4WHnHb3Aj$VdGDwN7PghcU3V9XQ3AbFbSXcjSTElV6spXTO35eTxw=',NULL,0,'test2','','test2@example.com',0,0,'2021-01-16 00:56:06','name2');
INSERT INTO auth_user VALUES(4,'pbkdf2_sha256$216000$oRKMDCXQN4IK$hY5wYJ1EeWe6pos4qP9Ye2ElPWgGpza1k8bSN29AOiY=','2021-01-16 01:25:58.135398',0,'test3','','test3@example.com',0,1,'2021-01-16 01:25:46.765471','Natasha');
INSERT INTO auth_user VALUES(5,'pbkdf2_sha256$216000$06EgrowTedzI$CYeokCJDqTfppKpRzMKvFFO7Yj8eDNn9B/do0luUgRk=',NULL,0,'test4','','test4@example.com',0,1,'2021-01-16 02:02:59.654710','name4');
CREATE TABLE IF NOT EXISTS "django_summernote_attachment" ("id" integer NOT NULL PRIMARY KEY AUTOINCREMENT, "file" varchar(100) NOT NULL, "uploaded" datetime NOT NULL, "name" varchar(255) NULL);
INSERT INTO django_summernote_attachment VALUES(1,'django-summernote/2021-01-15/be7c8187-b947-463b-b228-450b1012e060.png','2021-01-15 22:16:47.118829','ny-bg-425f07b3.png');
CREATE TABLE IF NOT EXISTS "django_session" ("session_key" varchar(40) NOT NULL PRIMARY KEY, "session_data" text NOT NULL, "expire_date" datetime NOT NULL);
CREATE TABLE IF NOT EXISTS "landing_block" ("id" integer NOT NULL PRIMARY KEY AUTOINCREMENT, "sorting" integer unsigned NOT NULL CHECK ("sorting" >= 0), "block_title" varchar(250) NOT NULL, "title" varchar(250) NOT NULL, "content" text NOT NULL, "image" varchar(100) NOT NULL, "status" varchar(10) NOT NULL, "menu_status" varchar(10) NOT NULL, "block_id" varchar(20) NOT NULL);
INSERT INTO landing_block VALUES(1,1,'Главная','Снижаем налоговую ставку для ИП до 3%',replace(replace('<p>Льготная программа в Удмуртии для компаний из других регионов</p>\r\n                    <div class="header__cta">\r\n                        <button type="button" class="button" data-toggle="modal" data-target="#modalForm">Подать заявку</button>\r\n                        <button type="button" class="button button-outline">Расcчитать выгоду</button>\r\n                    </div>\r\n                    <div class="header__icons">\r\n                        <div class="header__icons-item">\r\n                            <img src="/static/landing/images/clock.svg" alt=""> Быстро\r\n                        </div>\r\n                        <div class="header__icons-item">\r\n                            <img src="/static/landing/images/scales.svg" alt=""> Законно\r\n                        </div>\r\n                        <div class="header__icons-item">\r\n                            <img src="/static/landing/images/shield.svg" alt=""> Без рисков\r\n                        </div>\r\n                    </div>','\r',char(13)),'\n',char(10)),'uploads/header.jpg','visible','invisible','header');
INSERT INTO landing_block VALUES(2,2,'О программе','О программе',replace(replace('<p>С 01 января 2020 года в Удмуртской Республике ввели льготную программу для организаций и индивидуальных предпринимателей. Все налогоплательщики, которые применяют УСН «Доходы» и хотят впервые зарегистрировать бизнес на территории республики из другого региона будут платить по сниженной налоговой ставке — 3% в год . При этом фактический переезд не требуется.</p>\r\n                    <p><font color="#e64456">Уменьшим налоги</font> для вашего бизнеса, сменив место постоянной регистрации</p>\r\n                    <div class="programm__cta"><button type="button" class="button" data-toggle="modal" data-target="#modalForm">Уменьшить налоги</button></div>','\r',char(13)),'\n',char(10)),'uploads/about.webp','visible','visible','programm');
INSERT INTO landing_block VALUES(3,4,'Калькулятор выгоды','Узнайте, сколько вы можете сэкономить',replace(replace('<p>Самое время начать экономить с помощью законного способа уменьшения налога до 3%</p>\r\n                    <div class="economy__cta"><button type="button" class="button" data-toggle="modal" data-target="#modalForm">Уменьшить налоги</button></div>','\r',char(13)),'\n',char(10)),'','visible','visible','economy');
INSERT INTO landing_block VALUES(4,3,'Баннер','Работаем со всеми ИП на УСН «Доходы»',replace(replace('<p>• Выручка от 1 млн рублей в месяц</p>\r\n                        <p>• Чистая налоговая история</p>\r\n                        <p>• Любой вид деятельности</p>','\r',char(13)),'\n',char(10)),'','visible','invisible','calltoaction');
INSERT INTO landing_block VALUES(5,7,'О программе','О программе',replace(replace('<p>С 01 января 2020 года в Удмуртской Республике ввели льготную программу для организаций и индивидуальных предпринимателей. Все налогоплательщики, которые применяют УСН «Доходы» и хотят впервые зарегистрировать бизнес на территории республики из другого региона будут платить по сниженной налоговой ставке — 3% в год . При этом фактический переезд не требуется.</p>\r\n                    <p><font color="#e64456">Уменьшим налоги</font> для вашего бизнеса, сменив место постоянной регистрации</p>\r\n                    <div class="programm__cta"><button type="button" class="button" data-toggle="modal" data-target="#modalForm">Уменьшить налоги</button></div>','\r',char(13)),'\n',char(10)),'uploads/about_Yl16IgX.webp','visible','visible','programm');
INSERT INTO landing_block VALUES(6,6,'Шаблон по умолчанию','','<p><br></p><p><br></p><hr><p><br></p><p style="text-align: center; "><span style="color: rgb(255, 0, 0); font-size: 24px;"><b>Предоставляем адрес﻿</b></span></p><p style="text-align: center; ">﻿Заключаем с вами договор аренды и предоставляем новый адрес для перерегистрации бизнеса на территории Удмуртской Республики</p><p><br></p><hr><p><br><span style="color: rgb(255, 0, 0); font-weight: bold;"><span style="font-size: 24px; font-family: Arial;"><br></span></span></p>','','visible','invisible','default');
DELETE FROM sqlite_sequence;
INSERT INTO sqlite_sequence VALUES('django_migrations',24);
INSERT INTO sqlite_sequence VALUES('django_admin_log',46);
INSERT INTO sqlite_sequence VALUES('django_content_type',9);
INSERT INTO sqlite_sequence VALUES('auth_permission',36);
INSERT INTO sqlite_sequence VALUES('auth_group',0);
INSERT INTO sqlite_sequence VALUES('auth_user',5);
INSERT INTO sqlite_sequence VALUES('django_summernote_attachment',1);
INSERT INTO sqlite_sequence VALUES('landing_block',6);
INSERT INTO sqlite_sequence VALUES('account_profile',4);
CREATE UNIQUE INDEX "auth_group_permissions_group_id_permission_id_0cd325b0_uniq" ON "auth_group_permissions" ("group_id", "permission_id");
CREATE INDEX "auth_group_permissions_group_id_b120cbf9" ON "auth_group_permissions" ("group_id");
CREATE INDEX "auth_group_permissions_permission_id_84c5c92e" ON "auth_group_permissions" ("permission_id");
CREATE UNIQUE INDEX "auth_user_groups_user_id_group_id_94350c0c_uniq" ON "auth_user_groups" ("user_id", "group_id");
CREATE INDEX "auth_user_groups_user_id_6a12ed8b" ON "auth_user_groups" ("user_id");
CREATE INDEX "auth_user_groups_group_id_97559544" ON "auth_user_groups" ("group_id");
CREATE UNIQUE INDEX "auth_user_user_permissions_user_id_permission_id_14a6b632_uniq" ON "auth_user_user_permissions" ("user_id", "permission_id");
CREATE INDEX "auth_user_user_permissions_user_id_a95ead1b" ON "auth_user_user_permissions" ("user_id");
CREATE INDEX "auth_user_user_permissions_permission_id_1fbb5f2c" ON "auth_user_user_permissions" ("permission_id");
CREATE INDEX "django_admin_log_content_type_id_c4bce8eb" ON "django_admin_log" ("content_type_id");
CREATE INDEX "django_admin_log_user_id_c564eba6" ON "django_admin_log" ("user_id");
CREATE UNIQUE INDEX "django_content_type_app_label_model_76bd3d3b_uniq" ON "django_content_type" ("app_label", "model");
CREATE UNIQUE INDEX "auth_permission_content_type_id_codename_01ab375a_uniq" ON "auth_permission" ("content_type_id", "codename");
CREATE INDEX "auth_permission_content_type_id_2f476e4b" ON "auth_permission" ("content_type_id");
CREATE INDEX "django_session_expire_date_a5c62663" ON "django_session" ("expire_date");
COMMIT;
